video_url,user_url,username,title,view_num,created_at,shortdesc,collected_at
/watch?v=6TZye-behRA&pp=ygURUGlrZSBQbGFjZSBNYXJrZXQ%3D,/@tryguys,The Try Guys,Keith Eats Everything At Pike Place Market,2.2M,7 months,"Keith's back to eat the menu, but this time, it's at Pike Place Market in Seattle, Washington! What will rank as the best of the best ...",2024-01-28 23:16:45.005655
/watch?v=Zb7U7BWL-Eo&pp=ygURUGlrZSBQbGFjZSBNYXJrZXQ%3D,/@scottsdaletravelchick,Scottsdale Travel Chick,"Pike Place Market Visitor Guide - What to See, Do, and Eat",52K,2 years,"Tour guide to the famous Pike Place Market in downtown Seattle. What to see, what to do, and what to eat. Want to Experience ...",2024-01-28 23:16:45.008583
/watch?v=TvfePq94NUg&pp=ygURUGlrZSBQbGFjZSBNYXJrZXQ%3D,/@MarkWiens,Mark Wiens,Pike Place Market - AMERICA'S #1 CHOWDER + Must-Eat Market Tour in Seattle | American Food!,1.6M,5 years,"Pike Place Market is a landmark of #Seattle, and one of the oldest continuously functioning markets in the United States.",2024-01-28 23:16:45.012932
/watch?v=hj4l0IDLxYE&pp=ygURUGlrZSBQbGFjZSBNYXJrZXQ%3D,/@SeattleChannel21,Seattle Channel,Pike Place Market's History,4.5K,2 years,"The story of the Pike Place Market is a work in progress, but the first hundred years are pretty darn interesting. See how the Market ...",2024-01-28 23:16:45.015414
/watch?v=82byORQyTVw&pp=ygURUGlrZSBQbGFjZSBNYXJrZXQ%3D,/@ArwinTours,Arwin Tours,Pike Place Market 🇺🇸 Seattle Washington 4K Walking Tour,14K,11 months,"Pike Place Market is a public market in Seattle, Washington, United States. It opened on August 17, 1907, and is one of the oldest ...",2024-01-28 23:16:45.021086
/watch?v=FkABoOKsXIA&pp=ygURUGlrZSBQbGFjZSBNYXJrZXQ%3D,/@LocalLensSeattle,Local Lens Seattle,Hidden Gems at Pike Place Market!☀️ 🙌🏼 | Local Lens Seattle,16K,9 months,"If you've been to Seattle, you've probably made the stop at the iconic Pike Place Market. Having lived here my entire life I still love ...",2024-01-28 23:16:45.032968
/watch?v=KKcQnqVYZkY&pp=ygURUGlrZSBQbGFjZSBNYXJrZXQ%3D,/@PortMonkeys,Port Monkeys,"Fish Throwing at Pike Place Fish Market in Seattle, Washington",35K,2 years,"We walked to Pike Place in Seattle, Washington before boarding the Carnival Miracle for an Alaska cruise.",2024-01-28 23:16:45.034775
/watch?v=Rmf6oLBZkJ0&pp=ygURUGlrZSBQbGFjZSBNYXJrZXQ%3D,/@LaoOcean,Lao Ocean,Seattle Pike Place Market | Seattle Waterfront Visual Update | Walk & Talk 1-28-24 ☕️✌️,40,16 minutes,"First visit to Pike Place Market in 2024. After coffee at Anchorhead Coffee, Amanda and I stroll the market and see what changes ...",2024-01-28 23:16:45.037805
/watch?v=lkrkWFf5XNY&pp=ygURUGlrZSBQbGFjZSBNYXJrZXQ%3D,/@HeresGoodTravel,Here's Good,"What To EAT in SEATTLE | Cheap Eats, Pike Place Market, Kedai Makan and MORE",11K,1 year,This is our SEATTLE FOOD TOUR! We spent 3 days in Seattle eating and drinking all we could and we found some AMAZING ...,2024-01-28 23:16:45.040478
/watch?v=jgrr5-WZICs&pp=ygURUGlrZSBQbGFjZSBNYXJrZXQ%3D,/@fox13seattle,FOX 13 Seattle,Pike Place Market suing iconic fish throwers | FOX 13 Seattle,13K,4 months,Pike Place Market is in a legal battle with its most iconic vendor. Subscribe to FOX 13 Seattle: ...,2024-01-28 23:16:45.042386
/watch?v=u0Tn4VuswCw&pp=ygURUGlrZSBQbGFjZSBNYXJrZXQ%3D,/@TimLeeLetsGo,Tim Lee,Seattle's Pike Place Market | $35 Lobster Prime Rib Buffet,168K,1 year,"Free shipping to: Canada, United States, Australia, New Zealand, Japan, Taiwan, South Korea, and Singapore @Vessi ...",2024-01-28 23:16:45.068642
/watch?v=R11oAsCsyjo&pp=ygURUGlrZSBQbGFjZSBNYXJrZXQ%3D,/@RiannaRichardsOfficial,Rianna Richards,🇺🇸 Pike Place Market Tour 2023 | Historic Seattle Pike Place Market Walk 2023 | Seattle Tourism,6K,5 months,"Established in downtown Seattle in 1907, “Pike Place Market” is the oldest continuously run public market in the United States of ...",2024-01-28 23:16:45.071496
/watch?v=XCVidQUQSPU&pp=ygURUGlrZSBQbGFjZSBNYXJrZXQ%3D,/@WestCoasters,West Coasters,Let's Visit PIKE PLACE MARKET | All Our Favorite Seattle Treats!!!,6.6K,7 months,"Join us for a day at Pike Place Market in Seattle, WA! In this video, we share all of our absolute favorite foods to grab at the market.",2024-01-28 23:16:45.080488
/watch?v=3D8tAScqvZA&pp=ygURUGlrZSBQbGFjZSBNYXJrZXQ%3D,/@SharingtheRoad,Sharing the Road,Seattle Food Tour | 5 Foods You NEED to Try in Pike Place Market + MORE!,89K,2 years,"Hey there description box reader! If you feel so inclined, please consider buying us a coffee or using one of our affiliate links down ...",2024-01-28 23:16:45.084489
/watch?v=DwU-y7JfTXI&pp=ygURUGlrZSBQbGFjZSBNYXJrZXQ%3D,/@MissMinaOh,Miss Mina,24 HOURS IN SEATTLE 🐟 ft Pike Place Market,981K,4 years,Got 24 hours in Seattle? What is there to eat and do? Today we go on a food marathon in the famous Pike Place Market and ...,2024-01-28 23:16:45.090241
/watch?v=Yuz0hkjkUdo&pp=ygURUGlrZSBQbGFjZSBNYXJrZXQ%3D,/@fox13seattle,FOX 13 Seattle,Pike Place Market celebrates community though Local Appreciation Day | FOX 13 Seattle,953,5 hours,"Despite soggy weather and dark skies, Pike Place Market celebrated its local customers on Saturday, a tradition that began last ...",2024-01-28 23:16:45.098917
/watch?v=53jVeMQuZu0&pp=ygURUGlrZSBQbGFjZSBNYXJrZXQ%3D,/@FarisandLisa,Faris and Lisa,"Pike Place Market DIY Food Tour | Best Spots to Eat (Seattle, Washington)",23K,2 years,"If you're traveling to Seattle, Washington then you have to check out the oldest market in America, Pike Place Market. No better ...",2024-01-28 23:16:45.101482
/watch?v=fiWLGLl_kpk&pp=ygURUGlrZSBQbGFjZSBNYXJrZXQ%3D,/@BeautifulPacificNorthwest,Beautiful Pacific Northwest,"Flying Fish throwing attraction at Pike Place Market in Seattle, WA",147K,4 years,"The fish throwing attraction at Pike Place Market in Seattle, WA #pikeplacemarket #seattlefoodie #fishmarketseattle ...",2024-01-28 23:16:45.104403
/watch?v=Gbup0y47R8Q&pp=ygURUGlrZSBQbGFjZSBNYXJrZXQ%3D,/@AdventuresofAplusK,Adventures of A+K,"Pike Place Market Food Tour: The best chowder, mac & cheese, and flying fish!",76K,4 years,"We LOVE visiting Pike Place Market! The food, coffee, views, flowers, and even the unique mix of smells make it such a special ...",2024-01-28 23:16:45.106251
/watch?v=_AAQT6ifGys&pp=ygURUGlrZSBQbGFjZSBNYXJrZXQ%3D,/@TheFISHPhilosophy,The FISH! Philosophy,"Improve Teamwork, Customer Service and Retention with The FISH! Philosophy",884K,7 years,"It was the Pike Place Fish Market. We asked, “What if every organization had this positive energy and engagement?” We decided ...",2024-01-28 23:16:57.601908
/watch?v=NHytX_LM1FA&pp=ygURUGlrZSBQbGFjZSBNYXJrZXQ%3D,/@emmymade,emmymade,"Emmy Gets Spotted & Eats PIKE PLACE MARKET Seattle, WA",142K,2 years,"I eat as much as I can at the legendary Pike Place Market in Seattle, Washington. #emmymade #pikeplacemarket #seattle ...",2024-01-28 23:16:57.615086
/watch?v=-y4G776T-OQ&pp=ygURUGlrZSBQbGFjZSBNYXJrZXQ%3D,/@AmandaFelixEats,Amanda & Felix Eats,"PIKE PLACE MARKET FOOD TOUR || [Seattle, Washington] The Best Chowder & Fresh Seafood!",43K,1 year,"ALOHA   What we ate at the most iconic food market in all of Seattle, Washington at Pike Place Market! We ate The Best Chowder ...",2024-01-28 23:16:57.623469
/watch?v=ufABatWcz1Y&pp=ygURUGlrZSBQbGFjZSBNYXJrZXQ%3D,/@acooknamedMatt,acooknamedMatt,my best places to eat at pike place market,3.8K,6 days,"hey ! Subscribe and Hit The Bell, It really helps me out :) Full Recipes on discord : https://discord.com/invite/2ftfb3xME5 #shorts ...",2024-01-28 23:16:57.626620
/watch?v=YPaI4EKCr84&pp=ygURUGlrZSBQbGFjZSBNYXJrZXQ%3D,/@DanhLuong,Danh Luong,SEATTLE Pike Place Market | TOP things to do,4K,1 year,"[ENGSUB] [VIETSUB] The first video in the ""Where to go in Seattle"" series is about one of Seattle's most famous tourist attractions, ...",2024-01-28 23:16:57.636551
/watch?v=-yzFZ5GoDC4&pp=ygURUGlrZSBQbGFjZSBNYXJrZXQ%3D,/@SeattleChannel21,Seattle Channel,A stroll through historic Pike Place Market,4.1K,9 months,"Pike Place Market opened on Aug. 17, 1907, with just a few farmers carts. It quickly became a hit and by 1909, it boasted about 64 ...",2024-01-28 23:16:57.641270
/watch?v=6u_trGq5w8I&pp=ygURUGlrZSBQbGFjZSBNYXJrZXQ%3D,/@billandlisa,Bill & Lisa's Food and Travel,SEATTLE 2022 | Pike Place Market Food Crawl,83K,1 year,"Day trip to Seattle, Washington! With just a few hours in town, we hit up the famous Pike Place Market for an epic food crawl.",2024-01-28 23:16:57.645406
/watch?v=W2eTtAICM88&pp=ygURUGlrZSBQbGFjZSBNYXJrZXQ%3D,/@ActionKid,ActionKid,Seattle Walk : Pike Place Market to Space Needle at Night,25K,8 months,Seattle is a coastal seaport city located in the Pacific Northwest region of the United States. It is the largest city in the state of ...,2024-01-28 23:16:57.658159
/watch?v=xSWUw2jcgYo&pp=ygURUGlrZSBQbGFjZSBNYXJrZXQ%3D,/@rattusvulpes,rattusvulpes,Pike Place Market - Fish Throwing,147K,14 years,"If you've ever been to Seattle, chances are you've at least heard of this fascinating tradition. Orders are called out from the other ...",2024-01-28 23:16:57.668128
/watch?v=mx5_rOqnGJA&pp=ygURUGlrZSBQbGFjZSBNYXJrZXQ%3D,/@RecordsTravels,Records Travels,Seattle - Pike Place Market Walkthrough - 4K,46K,5 years,"Sunday stroll through Seattle's famous Pike Place Market. No commentary, only the sights and sounds of this iconic landmark.",2024-01-28 23:16:57.670280
/watch?v=fJDMV-eAg4k&pp=ygURUGlrZSBQbGFjZSBNYXJrZXQ%3D,/@Lewberger,Lewberger,Keith Eats Every Treat At Pike Place Market • Lewberger Pike Place Vlog,4.7K,7 months,Alex and Hughie go on a mid eat the menu quest to find all the best sweets to bring to Keith for Eat The Menu Pike Place!,2024-01-28 23:16:57.688731
/watch?v=PochYGDmko8&pp=ygURUGlrZSBQbGFjZSBNYXJrZXQ%3D,/@PeopleWatchingMarcus,People Watching,SEATTLE Pike Place Market 🇺🇸 Walking Tour 2023,848,6 months,Welcome to this walking tour of Pike Place Market in Seattle. This should help you plan your next trip to this tourist destination.,2024-01-28 23:16:57.690879
/watch?v=XYxXwDp3wVI&pp=ygURUGlrZSBQbGFjZSBNYXJrZXQ%3D,/@GriffandAlyssa,Griff & Alyssa,Pike Place Market Seattle - The Ultimate Food Tour & CityPASS Experience,22K,4 years,Pike Place Market Seattle - The Ultimate Food Tour & CityPASS Experience Special Thanks to Visit Seattle for hosting us before ...,2024-01-28 23:16:57.703479
/watch?v=TbtsfyrEF_c&pp=ygURUGlrZSBQbGFjZSBNYXJrZXQ%3D,/@hudstone420,hudstone420,"SEATTLE    ""PIKE PLACE FISH CO.""",1.7M,15 years,"watch the video response too, it's about the pikes market HUDSTONE420 PRESENTS THROWING FISH AND HANGING OUT IN ...",2024-01-28 23:16:57.711730
/watch?v=ipbOjqcM6jE&pp=ygURUGlrZSBQbGFjZSBNYXJrZXQ%3D,/@Hipfig,Hipfig Travel-Channel,Seattle - Pike Place Market – Helpful Information for Visitors | Seattle Travel Guide Episode #4,21K,3 years,Topics covered in this useful Pike Place Market travel guide for Seattle tourists are: 1). Pike Place Public Market useful information ...,2024-01-28 23:16:57.723226
/watch?v=7DkmB-btFfY&pp=ygURUGlrZSBQbGFjZSBNYXJrZXQ%3D,/@eater,Eater,Seattle’s Pike Place Fish Market Has a Legendary Filipino Food Stall — Halo Halo,274K,4 years,"On this week's episode of Halo Halo, Francesca tries salmon sinigang in a grocery/eatery that uses fresh fish from across the ...",2024-01-28 23:16:57.738358
/watch?v=hWjkT9N1hj4&pp=ygURUGlrZSBQbGFjZSBNYXJrZXQ%3D,/@fox13seattle,FOX 13 Seattle,Pedestrianizing Pike Place Market | FOX 13 Seattle,3.3K,3 months,"Cars in Pike Place Market—should they stay or should they go? According to a new study, most vendors were open to the idea of ...",2024-01-28 23:16:57.740585
/watch?v=oT-Nr-GhehU&pp=ygURUGlrZSBQbGFjZSBNYXJrZXQ%3D,/@YetAnotherUrbanist,Yet Another Urbanist,Pike Place Market Must Be Pedestrianized,13K,6 months,"Pike Place Market is a popular tourist destination, and it would be a lot better for visitors and vendors alike if they got rid of the cars ...",2024-01-28 23:16:57.747871
/watch?v=3VpmbVDA__Y&pp=ygURUGlrZSBQbGFjZSBNYXJrZXQ%3D,/@BEBEKOSimpleLifeInJapan,BEBE KO,"PIKE PLACE  MARKET  Seattle WA. USA / New What to SEE, EAT / TRAVEL Lifestyle Vlog  YR4#2",260,2 weeks,"Welcome to BEBEKO Channel. Todays episode is about #travel #seattle #vlog here in 'PIKE PLACE MARKET"" . PIKE PLACE ...",2024-01-28 23:17:06.514546
/watch?v=LAC4AIqgesE&pp=ygURUGlrZSBQbGFjZSBNYXJrZXQ%3D,/@pnwpaths2925,PNW PATHS,Top 10 things to do at Seattle's Pike Place Market,6.1K,1 year,"Come with us as we explore some of our favorite places to eat, shop and experiences at the Pike Place Market! Times Codes ...",2024-01-28 23:17:06.516434
/watch?v=yXVGU8wxtjk&pp=ygURUGlrZSBQbGFjZSBNYXJrZXQ%3D,/@StrollVentures,StrollVentures,Discovering the Heart of Seattle: Pike Place Market Walk-Tour !.,320,2 weeks,"Join us on an enchanting journey through Pike Place Market, Washington, where vibrant colors, fresh produce, and local artisans ...",2024-01-28 23:17:06.517797
/watch?v=NBLTWbTmQpI&pp=ygURUGlrZSBQbGFjZSBNYXJrZXQ%3D,/@MaliaRamos,Malia Ramos,"a weekend in seattle | pike place market, starbucks reserve, space needle and seattle's best eats",12K,10 months,escaped reality and travelled back to seattle for a quick 3 day trip with a friend! been itching to go back ever since my first time ...,2024-01-28 23:17:06.519127
/watch?v=Ai_FKs7suPM&pp=ygURUGlrZSBQbGFjZSBNYXJrZXQ%3D,/@GeminiDiscover,Gemini Discover,How Seattle's Pike Place Market FAILS,2.1K,1 year,"This time we show you something that really needs improvement in the city we live in - Seattle. Hopefully, the right people see it ...",2024-01-28 23:17:06.520381
/watch?v=qyeeb02PoYA&pp=ygURUGlrZSBQbGFjZSBNYXJrZXQ%3D,/@LeggLife,LeggLife,"Exploring Seattle! Pike Place Market, Space Needle, Coffee & MORE!",6.5K,1 year,"An amazing day in one of our favorite cities! This day in Seattle included some Seattle favorites. From coffee at Storyville, ...",2024-01-28 23:17:06.522331
/watch?v=J9V-cY-xmZI&pp=ygURUGlrZSBQbGFjZSBNYXJrZXQ%3D,/@AdventuresOfATravelingDon,Adventures Of A Traveling Don,The Ultimate Seattle Downtown Tour - Top Things To Do in Seattle,1K,6 months,"Alrighty fellow Travel Dons, the Journey Across the West continues. In this episode I make it to Seattle, WA. Come with me as I ...",2024-01-28 23:17:06.524208
/watch?v=QcIhbHaSPRU&pp=ygURUGlrZSBQbGFjZSBNYXJrZXQ%3D,/@tjinap,TJINAP,"PIKE PLACE MARKET - A SEATTLE’S ICON I Washington State, USA",976,7 months,"PIKE PLACE MARKET - A SEATTLE'S ICON Washington State is a vlog about our 2nd tour at Pike Place Market in Seattle, ...",2024-01-28 23:17:06.525498
/watch?v=XIeCx9bxBBc&pp=ygURUGlrZSBQbGFjZSBNYXJrZXQ%3D,/@SharingtheRoad,Sharing the Road,Top 10 Things to Do in Seattle | Seattle Travel Guide,227K,1 year,... 0:00 - Intro 0:17 - Pike Place Market 1:57 - Seattle Spheres 3:07 - Freemont Troll 4:06 - Gasworks Park 5:22 - Water Taxi to West ...,2024-01-28 23:17:06.528589
/watch?v=j0S5KzbdWRA&pp=ygURUGlrZSBQbGFjZSBNYXJrZXQ%3D,/@Femalefoodie,Female Foodie,15 BEST Pike Place Market Restaurants,107K,4 years,"The ultimate guide to eating at Pike Place Market from restaurants to small bites, so that next time you're in Seattle you can ...",2024-01-28 23:17:06.530441
/watch?v=5QUJeBgyZ8k&pp=ygURUGlrZSBQbGFjZSBNYXJrZXQ%3D,/@carlaannette,Carla Annette,"the PERFECT 3 DAY WEEKEND in SEATTLE: pike place market seafood, space needle, best city views!",7.7K,11 months,"It was my first time in Seattle, WA and I already want to go back!!! We were blessed with beautiful clear blue skies during our time ...",2024-01-28 23:17:06.531665
/watch?v=SE3xUfDSEjk&pp=ygURUGlrZSBQbGFjZSBNYXJrZXQ%3D,/@NBCNews,NBC News,Meet The New Owners Of Seattle's Pike Place Fish Market: Four Of Its Famous Fishmongers | NBC News,28K,5 years,"When longtime owner John Yokoyama decided to sell his legendary business, he put family over profit, selling to Jaison, Anders, ...",2024-01-28 23:17:06.532976
/watch?v=7JA1p4dtEPs&pp=ygURUGlrZSBQbGFjZSBNYXJrZXQ%3D,/@TheDailyWoo,TheDailyWoo,First Starbucks Store & Pike Place Market Fish Throwing - Gum Wall In Rainy Seattle / T-Mobile Park,57K,1 year,Rainy Seattle Tourist Spots.,2024-01-28 23:17:06.534899
/watch?v=WZhbbwpAwUk&pp=ygURUGlrZSBQbGFjZSBNYXJrZXQ%3D,/@komonews,KOMO News,Man violently attacks stranger near Seattle's Pike Place Market,47K,7 months,Seattle police arrested a man Sunday afternoon who they say violently attacked a man near the entrance to Pike Place Market at ...,2024-01-28 23:17:06.536279
/shorts/PoXeun2JRig,/@PikePlaceMarketTV,Pike Place Market,4 Places in Pike Place Market for Pasta Lovers #shorts,1.8K,1 year,Pasta night! Whether you're cooking at home or dining out — Pike Place Market has you covered! Market businesses featured in ...,2024-01-28 23:17:06.537591
/watch?v=K-3rnQoYbHo&pp=ygURUGlrZSBQbGFjZSBNYXJrZXQ%3D,/@TrueWindHealingTravel,True Wind Healing Travel,Pike Place Market Food & Walking Tour - Taste of Seattle,607,8 months,"The best way to experience the ""Soul of Seattle"" is on a Pike Place Market Food & Walking Tour. As a local, I have been here ...",2024-01-28 23:17:06.539422
/watch?v=tBieKUxnG74&pp=ygURUGlrZSBQbGFjZSBNYXJrZXQ%3D,/@Theendlessadventure,The Endless Adventure,"Seattle FOOD TOUR! Chowder, Coffee, Pastries and MORE! (Pike Place Market)",93K,5 years,Seattle food tour! Today we're trying some of the best coffee and chowder in the world Hope you're hungry! Stay at this ...,2024-01-28 23:17:06.541178
/watch?v=98w-gzGT-xU&pp=ygURUGlrZSBQbGFjZSBNYXJrZXQ%3D,/@PikePlaceMarketTV,Pike Place Market,Pike Place Market Summer 2021: Where Seattle Shops!,293,2 years,"Pike Place Market has the most unique shopping in Seattle! Explore more than 100 small owner-operator shops, offering ...",2024-01-28 23:17:06.542427
/watch?v=ZLZ9PIbZhHI&pp=ygURUGlrZSBQbGFjZSBNYXJrZXQ%3D,/@komonews,KOMO News,Saving Pike Place Market marks battle 50 years ago to preserve iconic area,6.7K,2 years,"""Labor of Love: Saving Pike Place Market” shares the first-hand account from the advocates who staffed the picket lines, collected ...",2024-01-28 23:17:20.141389
/watch?v=9UWQVrnlo-8&pp=ygURUGlrZSBQbGFjZSBNYXJrZXQ%3D,/@VISITSEATTLEtv,VISITSEATTLE.tv,Visit Seattle | Experiencing the Market,13K,7 years,"Hillejte – South African native, concert violinist and first-time visitor to Seattle – disappears into Pike Place Market for a ...",2024-01-28 23:17:20.144440
/watch?v=-L5Row5_2zE&pp=ygURUGlrZSBQbGFjZSBNYXJrZXQ%3D,/@komonews,KOMO News,Celebrating Seattle's Pike Place Market | ARC Seattle,778,2 days,"Welcome to ARC Seattle! The show that brings you authentic, relevant, community-centered content from around the Puget Sound ...",2024-01-28 23:17:20.147364
/watch?v=LL3GU0sbpGs&pp=ygURUGlrZSBQbGFjZSBNYXJrZXQ%3D,/@purefoodfishmarket8998,Pure Food Fish Market,Step Inside Pure Food Fish Market at Pike Place Market in Seattle,3.7K,7 years,"Order today, enjoy tomorrow! Pure Food Fish Market at Pike Place Market hand-cuts your order at the time you make it at ...",2024-01-28 23:17:20.150233
/watch?v=ZkStFWMMPz0&pp=ygURUGlrZSBQbGFjZSBNYXJrZXQ%3D,/@KING5Seattle,KING 5 Seattle,"More than $200,000 raised for Pike Place Market flower farmers",2.2K,3 years,A woman who stepped in to help Pike Place Market flower farmers when the pandemic hit has now helped raise $200000 for the ...,2024-01-28 23:17:20.153064
/watch?v=mne6LKyRugc&pp=ygURUGlrZSBQbGFjZSBNYXJrZXQ%3D,/@Currentlycarly777,Currently Carly,8 MUST TRY Foods At Pike Place Market |  24 Hours In Seattle Food Tour!,10K,2 years,"What should you eat when visiting Pike Place Market in Seattle, Washington? I visit the emerald city for a quick overnight trip ...",2024-01-28 23:17:20.156917
/watch?v=YqrrgDAyQ3M&pp=ygURUGlrZSBQbGFjZSBNYXJrZXQ%3D,/@LaoOcean,Lao Ocean,"Walking to Pike Place Market Via Seattle's ""Most Dangerous"" Areas In Belltown | Monthly Tour Nov '21",32K,2 years,"Monthly walking tour of Pike Place Market for November 2021. We're almost at the 12 month mark with this series, and this one is ...",2024-01-28 23:17:20.161202
/watch?v=r-U8FYBGGdk&pp=ygURUGlrZSBQbGFjZSBNYXJrZXQ%3D,/@KING5Seattle,KING 5 Seattle,The best eateries at Pike Place Market according to Chef Daisley Gordon - Where the Chefs Eat,1.2K,4 years,"Even after over two decades in The Market, Chef Gordon still finds great places to eat.",2024-01-28 23:17:20.165905
/watch?v=-CvUUomxmQk&pp=ygURUGlrZSBQbGFjZSBNYXJrZXQ%3D,/@georgeandcris,George and Cris,"TRYING SEATTLE’S BEST FOOD IN PIKE PLACE MARKET | Piroshkys, Clam Chowder, & Mac N’ Cheese!",2.8K,1 year,Spending an entire day trying the best foods at Pike Place Market in Seattle! After researching Seattle's top tourist destinations we ...,2024-01-28 23:17:20.170136
/watch?v=JBvF4xpkr70&pp=ygURUGlrZSBQbGFjZSBNYXJrZXQ%3D,/@EECCTravels,EECC Travels,Touring Seattle - Pike Place Market & Waterfront + Dinner at Cactus,21K,4 years,"We are absolutely loving our visit to Seattle! First up, we explore all around Pike Place Market and, of course, catch the throwing ...",2024-01-28 23:17:20.173388
/watch?v=6V35rgVSF80&pp=ygURUGlrZSBQbGFjZSBNYXJrZXQ%3D,/@KING5Seattle,KING 5 Seattle,Living at Pike Place Market,150,5 years,"Not just a popular tourist attraction, some people actually LIVE at Pike Place Market!",2024-01-28 23:17:20.176396
/watch?v=hpNl4MUTi2c&pp=ygURUGlrZSBQbGFjZSBNYXJrZXQ%3D,/@SeattleChannel21,Seattle Channel,Chronicles of the Pike Place Market and Prohibition-era Seattle,3.7K,4 years,Author Brad Holden's impassioned investigation of prohibition-era Seattle was sparked by his discovery of a copper moonshining ...,2024-01-28 23:17:20.179278
/watch?v=jJWFTS9qwLo&pp=ygURUGlrZSBQbGFjZSBNYXJrZXQ%3D,/@PikePlaceMarketTV,Pike Place Market,"Shop Local, Shop Special This Holiday Season at Seattle's Pike Place Market",28K,1 year,Our elves searched over 500+ independently-owned Pike Place Market businesses to bring you the best gift guide ...,2024-01-28 23:17:20.182198
/shorts/Tpp9UmIR7v8,/@LocalLensSeattle,Local Lens Seattle,Hidden restaurant in Pike Place Market! | Local Lens Seattle,4K,9 months,You have got to try this Filipino cuisine at this hidden restaurant at Pike Place Market! HELLO Oriental-Mart or O-Mart for short.,2024-01-28 23:17:20.186372
/watch?v=dx3sif_PisM&pp=ygURUGlrZSBQbGFjZSBNYXJrZXQ%3D,/@jerrivlogs,Jerri™ Vlogs,12 Hours At Pike Place Market in SEATTLE Washington ▫ 2024,704,5 months,Today we visit the insanely popular Pike Place Market here in Seattle and also the Gum Wall and the first ever Starbucks Coffee ...,2024-01-28 23:17:20.189407
/watch?v=UbxeVmg2yYg&pp=ygURUGlrZSBQbGFjZSBNYXJrZXQ%3D,/@KING5Seattle,KING 5 Seattle,Spices from around the world inside Pike Place Market - KING 5 Evening,1K,4 years,"As one of the Market's oldest retail spots, MarketSpice has been serving up unique spices, teas and coffee since 1911.",2024-01-28 23:17:20.192377
/watch?v=BcISgSvnJe4&pp=ygURUGlrZSBQbGFjZSBNYXJrZXQ%3D,/@PikePlaceMarketTV,Pike Place Market,PIKE BOX from Pike Place Market,6.1K,1 year,The Pike Place Market PDA created the PIKE BOX CSA program in 2013 with the goals of helping local farmers grow their ...,2024-01-28 23:17:20.195215
/shorts/6Mfc8NQepIE,/@PikePlaceMarketTV,Pike Place Market,4 Happy Hours in Pike Place Market! #shorts,166,9 months,"Let's meet HERE! 4 Happy Hours in Pike Place Market! Head to our website PikePlaceMarket.org to learn about happy hour, ...",2024-01-28 23:17:20.199094
/watch?v=1OekXff7Llk&pp=ygURUGlrZSBQbGFjZSBNYXJrZXQ%3D,/@savorseattlefoodtours6259,Savor Seattle Food Tours,WHY SAVOR SEATTLE? | Guided Food Tours in Pike Place Market,596,4 years,"We are Seattle's go-to food tour company. We are experts at connecting adventuresome guests with Seattle in the most unique, ...",2024-01-28 23:17:20.202121
