video_url,user_url,username,title,view_num,created_at,shortdesc,collected_at
/watch?v=y0hsl8C7kZw&pp=ygUMU3BhY2UgTmVlZGxl,/@JaredOwen,Jared Owen,What's inside the Space Needle?,1.9M,3 years,"Music: (Soundstripe.com) ""Bahama Mama"" by Mikey Geiger ""Happy Snappy"" Love by New Wave Sounds Made with Blender 2.81, ...",2024-01-28 22:52:58.374331
/watch?v=pe8k6bJKmuE&pp=ygUMU3BhY2UgTmVlZGxl,/@BigRedJourneys,Big Red Journeys,SEATTLE SPACE NEEDLE – FULL TOUR - Seeing Seattle at 600 feet!  Day & Night Views of Seattle,6.2K,5 months,Let's take an elevator up 600 feet into and see Seattle like never before! The world famous and iconic Space Needle is considered ...,2024-01-28 22:52:58.376458
/watch?v=6GsgXohzp8c&pp=ygUMU3BhY2UgTmVlZGxl,/@BlippiBuddies_Meekah,Blippi Buddies: Meekah - Kids TV Shows,Blippi and Meekah Climb to the TOP of the Space Needle,293K,6 months,Blippi and Meekah visit an outdoor playground in Seattle! Oh wow! This playground is right by the Space Needle. Can Blippi and ...,2024-01-28 22:52:58.382284
/watch?v=0ZF4xmgIp3c&pp=ygUMU3BhY2UgTmVlZGxl,/@GeekWire,GeekWire,Seattle's Space Needle Opens Revolving Glass Floor 500 Feet in the Air,117K,5 years,"The Space Needle opens the Loupe, a revolving glass floor 500 feet in the air. Read more at: ...",2024-01-28 22:52:58.386320
/watch?v=Zq5g1CJ_-OQ&pp=ygUMU3BhY2UgTmVlZGxl,/@komonews,KOMO News,"Watch: Space Needle lights up with drone, fireworks and light show to ring in 2024",85K,Streamed 3 weeks,"Happy New Year! T-Mobile's New Year's at the Needle event was a hit to ring in 2024! Watch the epic drone, fireworks, and light ...",2024-01-28 22:52:58.389126
/watch?v=Q0FRHwUqH0o&pp=ygUMU3BhY2UgTmVlZGxl,/@eastlake-skycam,Eastlake Skycam,Seattle New Year's Eve Space Needle Fireworks 2024,4.3K,Streamed 3 weeks,"This is an ""unofficial""/amateur stream from eastlake for NYE 2023/2024. Last year this was the best stream because smoke ...",2024-01-28 22:52:58.391442
/watch?v=EUcVpKfzIRg&pp=ygUMU3BhY2UgTmVlZGxl,/@SmithsonianChannel,Smithsonian Channel,Space Needle Was Designed to Look Very Different,36K,5 years,"While it's hard to imagine Seattle's Space Needle looking any other way, few people know that the iconic 'flying saucer' design ...",2024-01-28 22:53:08.101716
/watch?v=X5MnbpkOQx8&pp=ygUMU3BhY2UgTmVlZGxl,/@Hipfig,Hipfig Travel-Channel,Seattle Space Needle – Helpful Information for Visitors | Seattle Travel Guide Episode #3,60K,3 years,Topics covered in this useful Space Needle travel guide for Seattle tourists are: 1). Seattle Space Needle useful information for the ...,2024-01-28 22:53:08.107516
/watch?v=zPxVwpwoM2o&pp=ygUMU3BhY2UgTmVlZGxl,/@ActionKid,ActionKid,Riding the Seattle Monorail from the Space Needle to Downtown Seattle,26K,8 months,"The Seattle Monorail is a public transit system which runs as a single elevated train line from the Seattle Center, where the Space ...",2024-01-28 22:53:08.112039
/watch?v=GwEQrCjXuXE&pp=ygUMU3BhY2UgTmVlZGxl,/@4kUrbanLife,4K Urban Life,Space Needle at Night and Seattle Night View - 4K Ultra HD Urban Cityscapes Relaxation Video,133K,5 years,"Seattle is a pride of the Pacific Northwest. It's famous for its unique views, There are tons of tourist attractions and things to do in ...",2024-01-28 22:53:08.115680
/watch?v=1mTMmJ2lnlM&pp=ygUMU3BhY2UgTmVlZGxl,/@Blippi,Blippi - Educational Videos for Kids,Blippi and Meekah Visit the Space Needle Playground! Educational Videos for Kids,1.3M,10 months,Thanks for watching this Blippi play and learn video with Blippi's songs for toddlers and videos for toddlers. More educational fun ...,2024-01-28 22:53:08.126656
/watch?v=3Ow0ET-ob3E&pp=ygUMU3BhY2UgTmVlZGxl,/@KING5Seattle,KING 5 Seattle,Watch: Seattle’s virtual New Year’s at the Needle show welcomes 2021,1.3M,3 years,"The show featured a first-ever virtual display from the Space Needle. The virtual display, which a Seattle-based entrepreneur ...",2024-01-28 22:53:08.130885
/watch?v=4gHRAnCcn2I&pp=ygUMU3BhY2UgTmVlZGxl,/@KING5Seattle,KING 5 Seattle,The tallest tower in North America dwarfs the Seattle Space Needle - KING 5 Evening,6.6K,4 years,From 14-hundred feet up you can see the curvature of the earth!!,2024-01-28 22:53:08.134949
/watch?v=v87qPjs8L-A&pp=ygUMU3BhY2UgTmVlZGxl,/@DaDailyBread,DaDailyBread,Seattle's Space Needle,82K,11 years,The history of the Seattle Space Needle.,2024-01-28 22:53:08.139176
/watch?v=tUyC9l6DCZU&pp=ygUMU3BhY2UgTmVlZGxl,/@fox13seattle,FOX 13 Seattle,Space Needle will go back to 'Astronaut White' | FOX 13 Seattle,17K,8 months,"The Space Needle is getting a new paint job and going back to ""Astronaut White."" Subscribe to FOX 13 Seattle: ...",2024-01-28 22:53:08.143558
/watch?v=JSKCcTRGlDk&pp=ygUMU3BhY2UgTmVlZGxl,/@TheDailyWoo,TheDailyWoo,Inside The MoPop & Going Up To Top Of Seattle Space Needle - Museum Of Pop Culture is Incredible,55K,11 months,MoPop Seattle and Space Needle.,2024-01-28 22:53:08.157745
/watch?v=ymXMI_25JE0&pp=ygUMU3BhY2UgTmVlZGxl,/@tjfun71,TJ fun 71,Seattle's Iconic Space Needle! Take a tour inside!,1.9K,7 months,We explored the Space Needle in Seattle while we stayed there after our Alaska cruise on Princess Discovery. Seeing the ...,2024-01-28 22:53:08.159922
/watch?v=RK-4H6oZ6Uc&pp=ygUMU3BhY2UgTmVlZGxl,/@KING5Seattle,KING 5 Seattle,The Space Needle: Remaking an Icon - Part 1,23K,5 years,"From the people who shaped it, to the ones who made it. Learn how the Space Needle's 100 million dollar makeover was ...",2024-01-28 22:53:08.162774
/watch?v=Rcm7GbrAfxk&pp=ygUMU3BhY2UgTmVlZGxl,/@DroneWorldbelo,Drone World,SPACE NEEDLE AERIAL DRONE FOOTAGE SEATTLE,49K,4 years,"The Space Needle is an observation tower in Seattle, Washington, United States. It is a landmark of the Pacific Northwest and an ...",2024-01-28 22:53:08.176201
/watch?v=FRWDlbDKmsc&pp=ygUMU3BhY2UgTmVlZGxl,/@TravelTouristVideos,TravelTouristVideos,"Space Needle Seattle Tour, Elevator Ride & Views from the Top (HD)",64K,6 years,We visited the Space Needle in Seattle after our Alaska cruise in June. The elevator rides were quick though the operator ...,2024-01-28 22:53:08.179398
/watch?v=3a8t-SRqTTI&pp=ygUMU3BhY2UgTmVlZGxl,/@KING5Seattle,KING 5 Seattle,New Year's at the Needle preparations continue,8.8K,4 weeks,New Year's at the Needle will be live on KING 5 beginning at approximately 11:30 p.m. Sunday.,2024-01-28 22:53:16.027189
/watch?v=gUP9u7BIu78&pp=ygUMU3BhY2UgTmVlZGxl,/@Locoroadie,Locoroadie,Seattle on a BUDGET?! These FREE Secrets Will Blow Your Mind!,No,3 hours,"From Pioneer Square's historic charm to the iconic Space Needle, join our journey through the Emerald City. Indulge in Pike Place ...",2024-01-28 22:53:16.030884
/shorts/50QBuMfDKaA,/@AVspacefact,AV Space Fact,What if a Needle Hit Earth at Light Speed? #space #solarsystem #earth,2.4K,11 hours,What if a Needle Hit Earth at Light Speed? Have you ever wondered what would happen if a needle were to collide with the Earth ...,2024-01-28 22:53:16.034199
/watch?v=SALpkwfB1cs&pp=ygUMU3BhY2UgTmVlZGxl,/@KING5Seattle,KING 5 Seattle,"The Space Needle: Remaking an Icon, Part 3 - The Grand Staircase",9.7K,5 years,"The new glass at the Space Needle may be getting all the glory, but another transformation is taking place at the center of it all.",2024-01-28 22:53:16.037191
/watch?v=i0ikSpw8T0E&pp=ygUMU3BhY2UgTmVlZGxl,/@KING5Seattle,KING 5 Seattle,WATCH: New Year's at the Needle fireworks show 2024,61K,3 weeks,The New Year's at the Needle firework show ringing in 2024.,2024-01-28 22:53:16.044526
/watch?v=7Ot2UIS_-hI&pp=ygUMU3BhY2UgTmVlZGxl,/@KING5Seattle,KING 5 Seattle,WATCH: New Year's Eve fireworks at Seattle's Space Needle,133K,5 years,The Space Needle celebrated its 25th annual fireworks show to ring in 2019. This year's show featured a brand new laser light ...,2024-01-28 22:53:16.047388
/watch?v=MJa1HM7fEQ4&pp=ygUMU3BhY2UgTmVlZGxl,/@Blippi,Blippi - Educational Videos for Kids,Blippi and Meekah Jump and Play in Seattle! Travel Videos for Kids,1M,10 months,"Join the two best friends as they explore a playground in Seattle, climb to the top of the Space Needle and MORE bff adventures!",2024-01-28 22:53:16.050743
/watch?v=HLegXStUfBo&pp=ygUMU3BhY2UgTmVlZGxl,/@CBSMornings,CBS Mornings,Seattle's Space Needle gets $100M+ makeover,410K,5 years,We got a close-up look at the biggest upgrade to Seattle's iconic Space Needle since it opened in 1962. The renovations started ...,2024-01-28 22:53:16.054525
/watch?v=NEP4aC5beKo&pp=ygUMU3BhY2UgTmVlZGxl,/@OneCouplesAdventure,One Couples Adventure,"Our 1st Time In Seattle - Visiting The Space Needle, Pike Place Market & The Original Starbucks",7K,6 months,"Hey All, So from flying to Vancouver, embarking a cruise to Alaska then ending up in Seattle it is now the last day of our trip. In the ...",2024-01-28 22:53:16.061334
/watch?v=iX13rfU27e4&pp=ygUMU3BhY2UgTmVlZGxl,/@yaymoi,Yeimy Cifuentes,"SEATTLE DAY 2 VLOG [space needle, starbucks reserve, tourists era]",13K,7 months,Another Seattle vlog!! The next video is gonna be the LAST Seattle vlog and then my content will go back to my normal vids!,2024-01-28 22:53:16.065294
/watch?v=PGHOpJZ9sLw&pp=ygUMU3BhY2UgTmVlZGxl,/@SkyStudioWest,Sky Studio West,"Flying Over Sunset Seattle [4K] Space Needle, Downtown, Waterfront - Drone Video",16K,2 years,"Aerial / Drone Video Reel of Seattle and Puget Sound around Space Needle, Downtown and Waterfront in Seattle, Washington.",2024-01-28 22:53:16.074696
/watch?v=FcDa0fvDPqg&pp=ygUMU3BhY2UgTmVlZGxl,/@TheGatlinburgHussey,The Gatlinburg Hussey,Alone Atop the Gatlinburg Space Needle: Amazing Views,1.7K,7 months,"Rode the Space Needle in Gatlinburg TN #gatlinburg #pigeonforge #fun Experience the breathtaking views of Gatlinburg, TN, ...",2024-01-28 22:53:16.078289
/watch?v=o4fkFMTpKVE&pp=ygUMU3BhY2UgTmVlZGxl,/@4KNatureandCityWalks,4K Nature and City Walks,"Seattle 6AM Morning Snow Walk, Downtown to Space Needle",2.4M,2 years,Walking in the morning at 6am during snow fall in Seattle from downtown to the Space Needle 0:00 Downtown 16:20 Denny ...,2024-01-28 22:53:16.084623
/watch?v=r7KZ-naVtUM&pp=ygUMU3BhY2UgTmVlZGxl,/@SeattleArchives,SeattleArchives,"World of Tomorrow: Space Needle (April 16, 1962)",2.3K,1 year,KING-TV is the copyright holder for this moving image content. Access is being provided by the Seattle Municipal Archives for ...,2024-01-28 22:53:16.089856
/watch?v=iYqp4-6c_Ns&pp=ygUMU3BhY2UgTmVlZGxl,/@SkyElementsDroneShows,Sky Elements Drone Shows,"OFFICIAL MLB All-Star Drone Show at Seattle's Space Needle (1,200 Drones)",7.3K,6 months,"As Seattle's MLB All-Star week 2023 comes to a head, we celebrated with 1200 drones crating 2 flights of 600 drones for an ...",2024-01-28 22:53:16.092718
/watch?v=bare3ahPSg0&pp=ygUMU3BhY2UgTmVlZGxl,/@ActionKid,ActionKid,The Emerald City : Walking Seattle from Space Needle to Pike Place Market,31K,8 months,Seattle is a coastal seaport city located in the Pacific Northwest region of the United States. It is the largest city in the state of ...,2024-01-28 22:53:16.096385
/watch?v=W7_VfIcsVFs&pp=ygUMU3BhY2UgTmVlZGxl,/@fox13seattle,FOX 13 Seattle,Fog rolls in just in time for Seattle's Space Needle fireworks show,4.3K,3 weeks,How did fog form just in time for Seattle's New Year's Eve fireworks show? FOX 13 Meteorologist Ilona McCauley explains.,2024-01-28 22:53:16.099431
/watch?v=8I0MuuOBZEg&pp=ygUMU3BhY2UgTmVlZGxl,/@XDynamicsGlobal,XDynamics Global,"Shot on EVOLVE 2 | Seattle Space Needle, Seattle, Washington",14K,2 years,"At 605' tall, the Seattle Space Needle is one of the most photographed structures in the world. It has served as the Emerald City's ...",2024-01-28 22:53:27.773992
/watch?v=lcl54Oy0vW8&pp=ygUMU3BhY2UgTmVlZGxl,/@spaceneedle,Space Needle,Space Needle 360°,14K,8 years,"If you see one thing, see it all – literally, and virtually! The Space Needle has launched a brand new virtual reality (VR) mobile app ...",2024-01-28 22:53:27.778880
/watch?v=WgrkD9EZQRc&pp=ygUMU3BhY2UgTmVlZGxl,/@FloridianElevators,Floridian Elevators,"Space Needle Seattle, WA Queue, Elevator Rides & Observatory Views! (2023)",6.7K,10 months,"Filmed on January 2nd, 2023 with ‎@WestCoastElevators . Here we are at Seattle's Most Iconic Landmark, REVISITED Nearly 7 ...",2024-01-28 22:53:27.781913
/watch?v=IlCTiZRzaTc&pp=ygUMU3BhY2UgTmVlZGxl,/@TodayIFoundOut,Today I Found Out,The Space Needle and its Giant Ball of Flame,63K,5 years,Never run out of things to say at the water cooler with TodayIFoundOut! Brand new videos 7 days a week! More from ...,2024-01-28 22:53:27.785682
/watch?v=o6Cv3xXxnTQ&pp=ygUMU3BhY2UgTmVlZGxl,/@BrickSystemBros,Brick System Brothers,Mini Building Blocks: Space Needle Build & Review,12K,4 years,"Taking a look at something different today, Nathan has received a non-LEGO Seattle Space Needle building set: some of the build ...",2024-01-28 22:53:27.791427
/watch?v=bRpkkIfj-hg&pp=ygUMU3BhY2UgTmVlZGxl,/@KING5Seattle,KING 5 Seattle,FULL: New Year's at the Needle fireworks show 2023,113K,1 year,"Sky Elements, a Texas-based drone light show provider, launched 200 drones around the Space Needle during the show, which ...",2024-01-28 22:53:27.794482
/shorts/-7oUh4nZxqI,/@MLTravelAdventures,ML Travel Adventures,Seattle Space Needle airplane view,17K,1 year,When flying into Seattle this is the view you get from the Space Needle!,2024-01-28 22:53:27.797399
/watch?v=ZJLs_-F2lNA&pp=ygUMU3BhY2UgTmVlZGxl,/@MeekahEducationalVideos,Meekah Explores - Educational videos,Meekah and Blippi Visit the Space Needle Playground! | Educational Videos for Kids,428K,7 months,Blippi and Meekah visit an outdoor playground in Seattle! Oh wow! This playground is right by the Space Needle. Can Blippi and ...,2024-01-28 22:53:27.801671
/watch?v=lO146hRDLdM&pp=ygUMU3BhY2UgTmVlZGxl,/@shaunvlog,Shaun,Visiting the Seattle Space Needle,14K,1 year,"About this video - In today's video, I am in Seattle, Washington state and am attempting to scale the famous Space Needle ...",2024-01-28 22:53:27.805835
/watch?v=MRD9vZOuit4&pp=ygUMU3BhY2UgTmVlZGxl,/@WPTVnews,WPTV News - FL Palm Beaches and Treasure Coast,Video captures drone crashing into Seattle's Space Needle,695,4 years,Video captures the moment a drone crashed into Seattle's famed Space Needle a few weeks ago.,2024-01-28 22:53:27.808864
/watch?v=0TDJVmk-MPQ&pp=ygUMU3BhY2UgTmVlZGxl,/@pattyscorner7401,Patty’s Corner,"Space Needle Tour | Seattle, Washington",4.6K,2 years,The Space Needle is one of the most recognizable landmarks in the world and is a treasured Seattle icon. Built for the 1962 ...,2024-01-28 22:53:27.811681
/watch?v=6e0CI8xFhdU&pp=ygUMU3BhY2UgTmVlZGxl,/@KevinStratvert,Kevin Stratvert,SPACE NEEDLE Fireworks NYE - Drone Video,63K,8 years,Amazing fireworks display at the Seattle Space Needle on New Year's Eve captured by a drone. I flew 390 feet high directly above ...,2024-01-28 22:53:27.814681
/watch?v=50jpLIr0iNw&pp=ygUMU3BhY2UgTmVlZGxl,/@ghedoutdoorsman,The Wandering Explorers,"2024 New Years Eve at The Space Needle, Seattle Washington USA #nyeseattle #2024 #nye #seattle #usa",3.5K,3 weeks,Went to watch Fireworks and drone display at the space needle in Seattle Washington for Nee Years eve Celebration!,2024-01-28 22:53:27.817465
/watch?v=nFkOQI_a2Bg&pp=ygUMU3BhY2UgTmVlZGxl,/@TheDailyWoo,TheDailyWoo,Visiting The Fremont Troll In Seattle - Top Of The Space Needle & Monorail Ride Thru / TB Rays Win,50K,1 year,Seattle Adventures May 2022.,2024-01-28 22:53:27.820632
/watch?v=W2eTtAICM88&pp=ygUMU3BhY2UgTmVlZGxl,/@ActionKid,ActionKid,Seattle Walk : Pike Place Market to Space Needle at Night,25K,8 months,Seattle is a coastal seaport city located in the Pacific Northwest region of the United States. It is the largest city in the state of ...,2024-01-28 22:53:27.823830
/watch?v=t1wGabBTcgw&pp=ygUMU3BhY2UgTmVlZGxl,/@Viator,Viator Travel,Seattle Space Needle Observation Deck,69K,7 years,Featuring travel host Brock Groombridge of @BackpackWithBrock See more of Brock's adventures: Viator Experiences: ...,2024-01-28 22:53:27.827948
/watch?v=qxdS5uiB3oY&pp=ygUMU3BhY2UgTmVlZGxl,/@spaceneedle,Space Needle,Experience 2 New Level of Thrills at the Space Needle during Your Visit to Seattle,146K,10 months,"Experience two entirely new levels of thrills! From an all-glass floor on the lower level to floor-to-ceiling glass on the upper level, ...",2024-01-28 22:53:27.830911
/watch?v=qyeeb02PoYA&pp=ygUMU3BhY2UgTmVlZGxl,/@LeggLife,LeggLife,"Exploring Seattle! Pike Place Market, Space Needle, Coffee & MORE!",6.5K,1 year,"An amazing day in one of our favorite cities! This day in Seattle included some Seattle favorites. From coffee at Storyville, ...",2024-01-28 22:53:27.834996
/watch?v=8Es6BZpT_X0&pp=ygUMU3BhY2UgTmVlZGxl,/@KevinStratvert,Kevin Stratvert,"Seattle SPACE NEEDLE | Stunning Drone, DSLR, & GoPro Video",3.8K,7 years,"DINING AT THE TOP OF SEATTLE! This week I head up to the top of the Space Needle, one of Seattle's most famous landmarks, ...",2024-01-28 22:53:27.838075
/watch?v=BDoDQzs5S0c&pp=ygUMU3BhY2UgTmVlZGxl,/@worldcoolfacts,World Cool Facts,5 Fascinating Facts About Space Needle,780,10 months,"In this video, we explore 5 fascinating facts about the iconic Space Needle in Seattle, Washington. From its unique design to its ...",2024-01-28 22:53:36.606982
/watch?v=uW_4HIGTBNk&pp=ygUMU3BhY2UgTmVlZGxl,/@FridaysForever,Friday's Forever,Gatlinburg Tennessee SPACE NEEDLE Tour! Spring 2021,12K,2 years,Join us for a tour of the Gatlinburg Space Needle in downtown Gatlinburg! The views of Gatlinburg and The Great Smoky ...,2024-01-28 22:53:36.609262
/shorts/8_0LHmAuUng,/@TheStarReport,THE STAR REPORT,"The Space Needle (Seattle, Washington)",5.3K,7 months,"The Space Needle is an observation tower in Seattle, Washington, United States. Considered to be an icon of the city, it has been ...",2024-01-28 22:53:36.612167
/watch?v=LhhgTphw680&pp=ygUMU3BhY2UgTmVlZGxl,/@AustrianBrickFan,AustrianBrickFan,Lego Architecture 21003 Seattle Space Needle - Lego Speed Build Review,119K,8 years,"57 pcs/Teile Year / Jahr 2009 Lego 21003 Review The Seattle Space Needle can be yours! Build Seattle, Washington's famous ...",2024-01-28 22:53:36.613861
/shorts/t7dlRrZpgWY,/@HDADVENTURE,HD Adventure,"SPACE NEEDLE View, Seattle Washington",2.1K,8 months,"futuristic tower that was built for the 1962 World's Fair, also known as the Century 21 Exposition. Designed by architect John ...",2024-01-28 22:53:36.615396
/watch?v=ESyhCingkOQ&pp=ygUMU3BhY2UgTmVlZGxl,/@learntodrawdoodle1829,Learn to Draw & Doodle,How to draw 47: Space Needle,3.6K,3 years,I don't think I have done an architecture doodle yet :) Let's learn to draw the iconic Space Needle in Seattle.,2024-01-28 22:53:36.616910
/watch?v=4MVO-AIZl5E&pp=ygUMU3BhY2UgTmVlZGxl,/@CaitlinramblesonthePS5,Caitlin,Every time you see the Space Needle in The Last of Us Part II,8.5K,1 year,This game is so darn pretty. #thelastofuspart2.,2024-01-28 22:53:36.618905
/watch?v=_Kk7OzPDFqI&pp=ygUMU3BhY2UgTmVlZGxl,/@DazewithJordantheLion,Daze with Jordan the Lion,"Full SPACE NEEDLE Tour, Jimi Hendrix Statue, CenturyLink Field - SEATTLE",20K,3 years,"1368 Full SPACE NEEDLE Tour, Jimi Hendrix Statue, CenturyLink Field - SEATTLE WA Travel (9/14/20) CLICK TO SUBSCRIBE: ...",2024-01-28 22:53:36.620926
/shorts/if5muMohDhQ,/@LisaNguyen,Lisa Nguyen,Eating at the top of the Space Needle,424K,2 years,shorts #SpaceNeedle #food #foodie.,2024-01-28 22:53:36.622618
/watch?v=hSp1WEpScag&pp=ygUMU3BhY2UgTmVlZGxl,/@gavinrileysmokemachine6075,Gavin Riley Smoke Machine,Space Needle Mystery,6.7K,8 years,Space Needle Mystery is an interactive video series. Choose Your Destiny! GET JAZZED UP- https://youtu.be/KtTJXvCW-QQ ...,2024-01-28 22:53:36.624217
/shorts/gMMiMhlJwbo,/@ItsHistoryON-AIR,It’s History ON-AIR,The Fascinating Story Behind the Space Needle,554,7 months,The vision for #seattle 's most iconic #monument.,2024-01-28 22:53:36.625743
/watch?v=mnIcgbgAU1c&pp=ygUMU3BhY2UgTmVlZGxl,/@PlushTimeWins,Plush Time Wins,"The BEST Arcade in Gatlinburg, TN! - Arcadia Space Needle Arcade!",106K,8 months,"Today we went to the best arcade in Gatlinburg, Tennessee! Arcadia has the best arcade with a ton of game variety and so many ...",2024-01-28 22:53:36.627092
/watch?v=-ulAfb8bf_4&pp=ygUMU3BhY2UgTmVlZGxl,/@Viator,Viator Travel,"Space Needle and Chihuly Garden and Glass Combination Ticket, Seattle",22K,7 years,Featuring travel host Brock Groombridge of @BackpackWithBrock See more of Brock's adventures: Viator Experiences: ...,2024-01-28 22:53:36.628645
/watch?v=wSRDFS0twOg&pp=ygUMU3BhY2UgTmVlZGxl,/@KING5Seattle,KING 5 Seattle,Walking on the Edge of the Space Needle | VR 360,1.5K,5 years,"KING 5's Jake Whittenberg and Mimi Jung walk 605 feet in the air, on the edge of the Space Needle. Do you have what it takes?",2024-01-28 22:53:36.629904
/watch?v=kUoqTQjapFg&pp=ygUMU3BhY2UgTmVlZGxl,/@FoxNews,Fox News,Watch drone slam into Seattle's Space Needle,19K,7 years,Raw video: Footage of drone flying straight into platform as workers set up fireworks for New Year's Eve celebrations released.,2024-01-28 22:53:36.631163
/watch?v=XIeCx9bxBBc&pp=ygUMU3BhY2UgTmVlZGxl,/@SharingtheRoad,Sharing the Road,Top 10 Things to Do in Seattle | Seattle Travel Guide,227K,1 year,... Market 1:57 - Seattle Spheres 3:07 - Freemont Troll 4:06 - Gasworks Park 5:22 - Water Taxi to West Seattle 6:19 - Space Needle ...,2024-01-28 22:53:36.632970
/watch?v=rC4PqUNCQyo&pp=ygUMU3BhY2UgTmVlZGxl,/@KING5Seattle,KING 5 Seattle,'Astronaut White' returning to Space Needle as 60th anniversary celebration ends,1.3K,9 months,"The Space Needle is returning to ""Astronaut White"" after it was painted its original ""Galaxy Gold"" for its 60th-anniversary ...",2024-01-28 22:53:36.634233
/watch?v=nij2LpOjFTs&pp=ygUMU3BhY2UgTmVlZGxl,/@demonhuntersii5099,Demon Hunters II,🚨 2021 Space Needle Breakdown by “Hidden in the Crag”,6.2K,3 years,2021 Space Needle Breakdown by “Hidden in the Crag”,2024-01-28 22:53:36.635480
